pageid,namespace,title,source_url,local_path,bytes
2082,0,Abominations,https://scape-and-run-parasites.fandom.com/wiki/Abominations,wiki/articles/2082_Abominations.wiki,36
1347,0,About (disambiguation),https://scape-and-run-parasites.fandom.com/wiki/About%20%28disambiguation%29,wiki/articles/1347_About (disambiguation).wiki,43
392,0,Adaptation System,https://scape-and-run-parasites.fandom.com/wiki/Adaptation%20System,wiki/articles/392_Adaptation System.wiki,7365
2319,0,Adapted,https://scape-and-run-parasites.fandom.com/wiki/Adapted,wiki/articles/2319_Adapted.wiki,598
1034,0,Adapted Arachnida,https://scape-and-run-parasites.fandom.com/wiki/Adapted%20Arachnida,wiki/articles/1034_Adapted Arachnida.wiki,5426
1036,0,Adapted Bolster,https://scape-and-run-parasites.fandom.com/wiki/Adapted%20Bolster,wiki/articles/1036_Adapted Bolster.wiki,5170
2201,0,Adapted Burrower,https://scape-and-run-parasites.fandom.com/wiki/Adapted%20Burrower,wiki/articles/2201_Adapted Burrower.wiki,1647
1243,0,Adapted Devourer,https://scape-and-run-parasites.fandom.com/wiki/Adapted%20Devourer,wiki/articles/1243_Adapted Devourer.wiki,1724
1052,0,Adapted Longarms,https://scape-and-run-parasites.fandom.com/wiki/Adapted%20Longarms,wiki/articles/1052_Adapted Longarms.wiki,5719
1054,0,Adapted Manducater,https://scape-and-run-parasites.fandom.com/wiki/Adapted%20Manducater,wiki/articles/1054_Adapted Manducater.wiki,4686
2781,0,Adapted Module,https://scape-and-run-parasites.fandom.com/wiki/Adapted%20Module,wiki/articles/2781_Adapted Module.wiki,35
1008,0,Adapted Parasites,https://scape-and-run-parasites.fandom.com/wiki/Adapted%20Parasites,wiki/articles/1008_Adapted Parasites.wiki,41
1056,0,Adapted Reeker,https://scape-and-run-parasites.fandom.com/wiki/Adapted%20Reeker,wiki/articles/1056_Adapted Reeker.wiki,4884
1058,0,Adapted Summoner,https://scape-and-run-parasites.fandom.com/wiki/Adapted%20Summoner,wiki/articles/1058_Adapted Summoner.wiki,5941
2140,0,Adapted Tozoon,https://scape-and-run-parasites.fandom.com/wiki/Adapted%20Tozoon,wiki/articles/2140_Adapted Tozoon.wiki,2354
2094,0,Adapted Vermin,https://scape-and-run-parasites.fandom.com/wiki/Adapted%20Vermin,wiki/articles/2094_Adapted Vermin.wiki,3315
2095,0,Adapted Viscera,https://scape-and-run-parasites.fandom.com/wiki/Adapted%20Viscera,wiki/articles/2095_Adapted Viscera.wiki,3759
1060,0,Adapted Yelloweye,https://scape-and-run-parasites.fandom.com/wiki/Adapted%20Yelloweye,wiki/articles/1060_Adapted Yelloweye.wiki,4360
2188,0,Advancements,https://scape-and-run-parasites.fandom.com/wiki/Advancements,wiki/articles/2188_Advancements.wiki,8375
3105,0,Adventurer (Disambiguation),https://scape-and-run-parasites.fandom.com/wiki/Adventurer%20%28Disambiguation%29,wiki/articles/3105_Adventurer (Disambiguation).wiki,273
2096,0,Airscrew,https://scape-and-run-parasites.fandom.com/wiki/Airscrew,wiki/articles/2096_Airscrew.wiki,2089
684,0,Altered Tendons,https://scape-and-run-parasites.fandom.com/wiki/Altered%20Tendons,wiki/articles/684_Altered Tendons.wiki,1577
2609,0,Alveolar Fluid,https://scape-and-run-parasites.fandom.com/wiki/Alveolar%20Fluid,wiki/articles/2609_Alveolar Fluid.wiki,817
2237,0,Alveoli,https://scape-and-run-parasites.fandom.com/wiki/Alveoli,wiki/articles/2237_Alveoli.wiki,604
2682,0,Alveoli Block,https://scape-and-run-parasites.fandom.com/wiki/Alveoli%20Block,wiki/articles/2682_Alveoli Block.wiki,860
255,0,Ancient Dreadnaut,https://scape-and-run-parasites.fandom.com/wiki/Ancient%20Dreadnaut,wiki/articles/255_Ancient Dreadnaut.wiki,3714
2786,0,Ancient Module,https://scape-and-run-parasites.fandom.com/wiki/Ancient%20Module,wiki/articles/2786_Ancient Module.wiki,35
277,0,Ancient Overlord,https://scape-and-run-parasites.fandom.com/wiki/Ancient%20Overlord,wiki/articles/277_Ancient Overlord.wiki,2399
1089,0,Ancient Parasites,https://scape-and-run-parasites.fandom.com/wiki/Ancient%20Parasites,wiki/articles/1089_Ancient Parasites.wiki,41
1062,0,Arachnida (Disambiguation),https://scape-and-run-parasites.fandom.com/wiki/Arachnida%20%28Disambiguation%29,wiki/articles/1062_Arachnida (Disambiguation).wiki,368
1258,0,Arachnida Claw,https://scape-and-run-parasites.fandom.com/wiki/Arachnida%20Claw,wiki/articles/1258_Arachnida Claw.wiki,707
1873,0,Architect,https://scape-and-run-parasites.fandom.com/wiki/Architect,wiki/articles/1873_Architect.wiki,1233
1295,0,Armor,https://scape-and-run-parasites.fandom.com/wiki/Armor,wiki/articles/1295_Armor.wiki,29
2047,0,Assimara Bear,https://scape-and-run-parasites.fandom.com/wiki/Assimara%20Bear,wiki/articles/2047_Assimara Bear.wiki,3105
2042,0,Assimara Cow,https://scape-and-run-parasites.fandom.com/wiki/Assimara%20Cow,wiki/articles/2042_Assimara Cow.wiki,2142
2043,0,Assimara Enderman,https://scape-and-run-parasites.fandom.com/wiki/Assimara%20Enderman,wiki/articles/2043_Assimara Enderman.wiki,4287
2045,0,Assimara Human,https://scape-and-run-parasites.fandom.com/wiki/Assimara%20Human,wiki/articles/2045_Assimara Human.wiki,1917
2828,0,Assimara Module,https://scape-and-run-parasites.fandom.com/wiki/Assimara%20Module,wiki/articles/2828_Assimara Module.wiki,36
2118,0,Assimara Parasites,https://scape-and-run-parasites.fandom.com/wiki/Assimara%20Parasites,wiki/articles/2118_Assimara Parasites.wiki,42
2046,0,Assimara Sheep,https://scape-and-run-parasites.fandom.com/wiki/Assimara%20Sheep,wiki/articles/2046_Assimara Sheep.wiki,1936
2044,0,Assimara Villager,https://scape-and-run-parasites.fandom.com/wiki/Assimara%20Villager,wiki/articles/2044_Assimara Villager.wiki,2237
2858,0,Assimara Wolf,https://scape-and-run-parasites.fandom.com/wiki/Assimara%20Wolf,wiki/articles/2858_Assimara Wolf.wiki,750
2910,0,Assimilated + Assimara Module,https://scape-and-run-parasites.fandom.com/wiki/Assimilated%20%2B%20Assimara%20Module,wiki/articles/2910_Assimilated + Assimara Module.wiki,40
282,0,Assimilated Adventurer,https://scape-and-run-parasites.fandom.com/wiki/Assimilated%20Adventurer,wiki/articles/282_Assimilated Adventurer.wiki,3711
426,0,Assimilated Bear,https://scape-and-run-parasites.fandom.com/wiki/Assimilated%20Bear,wiki/articles/426_Assimilated Bear.wiki,3469
299,0,Assimilated Big Spider,https://scape-and-run-parasites.fandom.com/wiki/Assimilated%20Big%20Spider,wiki/articles/299_Assimilated Big Spider.wiki,3796
172,0,Assimilated Cow,https://scape-and-run-parasites.fandom.com/wiki/Assimilated%20Cow,wiki/articles/172_Assimilated Cow.wiki,3766
616,0,Assimilated Ender Dragon,https://scape-and-run-parasites.fandom.com/wiki/Assimilated%20Ender%20Dragon,wiki/articles/616_Assimilated Ender Dragon.wiki,3200
427,0,Assimilated Enderman,https://scape-and-run-parasites.fandom.com/wiki/Assimilated%20Enderman,wiki/articles/427_Assimilated Enderman.wiki,5945
276,0,Assimilated Horse,https://scape-and-run-parasites.fandom.com/wiki/Assimilated%20Horse,wiki/articles/276_Assimilated Horse.wiki,4199
177,0,Assimilated Human,https://scape-and-run-parasites.fandom.com/wiki/Assimilated%20Human,wiki/articles/177_Assimilated Human.wiki,5120
2671,0,Assimilated Jack o'Lantern,https://scape-and-run-parasites.fandom.com/wiki/Assimilated%20Jack%20o%27Lantern,wiki/articles/2671_Assimilated Jack o'Lantern.wiki,744
178,0,Assimilated Mobs,https://scape-and-run-parasites.fandom.com/wiki/Assimilated%20Mobs,wiki/articles/178_Assimilated Mobs.wiki,38
2776,0,Assimilated Module,https://scape-and-run-parasites.fandom.com/wiki/Assimilated%20Module,wiki/articles/2776_Assimilated Module.wiki,39
3271,0,Assimilated Parasites,https://scape-and-run-parasites.fandom.com/wiki/Assimilated%20Parasites,wiki/articles/3271_Assimilated Parasites.wiki,40
173,0,Assimilated Pig,https://scape-and-run-parasites.fandom.com/wiki/Assimilated%20Pig,wiki/articles/173_Assimilated Pig.wiki,3691
2670,0,Assimilated Pumpkin,https://scape-and-run-parasites.fandom.com/wiki/Assimilated%20Pumpkin,wiki/articles/2670_Assimilated Pumpkin.wiki,981
174,0,Assimilated Sheep,https://scape-and-run-parasites.fandom.com/wiki/Assimilated%20Sheep,wiki/articles/174_Assimilated Sheep.wiki,4041
1735,0,Assimilated Squid,https://scape-and-run-parasites.fandom.com/wiki/Assimilated%20Squid,wiki/articles/1735_Assimilated Squid.wiki,2660
2672,0,Assimilated Sugar Cane,https://scape-and-run-parasites.fandom.com/wiki/Assimilated%20Sugar%20Cane,wiki/articles/2672_Assimilated Sugar Cane.wiki,935
175,0,Assimilated Villager,https://scape-and-run-parasites.fandom.com/wiki/Assimilated%20Villager,wiki/articles/175_Assimilated Villager.wiki,3999
176,0,Assimilated Wolf,https://scape-and-run-parasites.fandom.com/wiki/Assimilated%20Wolf,wiki/articles/176_Assimilated Wolf.wiki,3374
3103,0,Bear (Disambiguation),https://scape-and-run-parasites.fandom.com/wiki/Bear%20%28Disambiguation%29,wiki/articles/3103_Bear (Disambiguation).wiki,327
1140,0,Beckon,https://scape-and-run-parasites.fandom.com/wiki/Beckon,wiki/articles/1140_Beckon.wiki,36
1139,0,Beckon (Disambiguation),https://scape-and-run-parasites.fandom.com/wiki/Beckon%20%28Disambiguation%29,wiki/articles/1139_Beckon (Disambiguation).wiki,373
1259,0,Beckon Membrane,https://scape-and-run-parasites.fandom.com/wiki/Beckon%20Membrane,wiki/articles/1259_Beckon Membrane.wiki,964
2941,0,Benign Growth,https://scape-and-run-parasites.fandom.com/wiki/Benign%20Growth,wiki/articles/2941_Benign Growth.wiki,35
1982,0,Biomass,https://scape-and-run-parasites.fandom.com/wiki/Biomass,wiki/articles/1982_Biomass.wiki,3712
2684,0,Biomass Block,https://scape-and-run-parasites.fandom.com/wiki/Biomass%20Block,wiki/articles/2684_Biomass Block.wiki,1002
3123,0,Biome,https://scape-and-run-parasites.fandom.com/wiki/Biome,wiki/articles/3123_Biome.wiki,36
2983,0,Biome (Disambiguation),https://scape-and-run-parasites.fandom.com/wiki/Biome%20%28Disambiguation%29,wiki/articles/2983_Biome (Disambiguation).wiki,690
1905,0,Biome Blocks,https://scape-and-run-parasites.fandom.com/wiki/Biome%20Blocks,wiki/articles/1905_Biome Blocks.wiki,2833
1790,0,Biome Purifier,https://scape-and-run-parasites.fandom.com/wiki/Biome%20Purifier,wiki/articles/1790_Biome Purifier.wiki,1530
2625,0,Bladder Sac,https://scape-and-run-parasites.fandom.com/wiki/Bladder%20Sac,wiki/articles/2625_Bladder Sac.wiki,1434
991,0,Bleeding,https://scape-and-run-parasites.fandom.com/wiki/Bleeding,wiki/articles/991_Bleeding.wiki,1418
1121,0,Blocks,https://scape-and-run-parasites.fandom.com/wiki/Blocks,wiki/articles/1121_Blocks.wiki,28
3252,0,Bloody Clock,https://scape-and-run-parasites.fandom.com/wiki/Bloody%20Clock,wiki/articles/3252_Bloody Clock.wiki,27
1230,0,Bogle,https://scape-and-run-parasites.fandom.com/wiki/Bogle,wiki/articles/1230_Bogle.wiki,2598
1063,0,Bolster (Disambiguation),https://scape-and-run-parasites.fandom.com/wiki/Bolster%20%28Disambiguation%29,wiki/articles/1063_Bolster (Disambiguation).wiki,365
1256,0,Bolster Husk,https://scape-and-run-parasites.fandom.com/wiki/Bolster%20Husk,wiki/articles/1256_Bolster Husk.wiki,680
2266,0,Book of Vengeance,https://scape-and-run-parasites.fandom.com/wiki/Book%20of%20Vengeance,wiki/articles/2266_Book of Vengeance.wiki,1277
762,0,Bosses,https://scape-and-run-parasites.fandom.com/wiki/Bosses,wiki/articles/762_Bosses.wiki,28
2245,0,Bough,https://scape-and-run-parasites.fandom.com/wiki/Bough,wiki/articles/2245_Bough.wiki,1466
2364,0,Braining,https://scape-and-run-parasites.fandom.com/wiki/Braining,wiki/articles/2364_Braining.wiki,550
2908,0,Bronchial Tube,https://scape-and-run-parasites.fandom.com/wiki/Bronchial%20Tube,wiki/articles/2908_Bronchial Tube.wiki,492
197,0,Buglin,https://scape-and-run-parasites.fandom.com/wiki/Buglin,wiki/articles/197_Buglin.wiki,3789
3095,0,Burrower (Disambiguation),https://scape-and-run-parasites.fandom.com/wiki/Burrower%20%28Disambiguation%29,wiki/articles/3095_Burrower (Disambiguation).wiki,245
553,0,COTH,https://scape-and-run-parasites.fandom.com/wiki/COTH,wiki/articles/553_COTH.wiki,29
301,0,Call Of The Hive,https://scape-and-run-parasites.fandom.com/wiki/Call%20Of%20The%20Hive,wiki/articles/301_Call Of The Hive.wiki,3380
994,0,Camouflage,https://scape-and-run-parasites.fandom.com/wiki/Camouflage,wiki/articles/994_Camouflage.wiki,614
1684,0,Carcass,https://scape-and-run-parasites.fandom.com/wiki/Carcass,wiki/articles/1684_Carcass.wiki,27
1141,0,Carrier (Disambiguation),https://scape-and-run-parasites.fandom.com/wiki/Carrier%20%28Disambiguation%29,wiki/articles/1141_Carrier (Disambiguation).wiki,592
2228,0,Celestial Events,https://scape-and-run-parasites.fandom.com/wiki/Celestial%20Events,wiki/articles/2228_Celestial Events.wiki,6394
274,0,Change Logs,https://scape-and-run-parasites.fandom.com/wiki/Change%20Logs,wiki/articles/274_Change Logs.wiki,32
2240,0,Chipped Motherly Membrane,https://scape-and-run-parasites.fandom.com/wiki/Chipped%20Motherly%20Membrane,wiki/articles/2240_Chipped Motherly Membrane.wiki,764
1110,0,Collective Consciousness,https://scape-and-run-parasites.fandom.com/wiki/Collective%20Consciousness,wiki/articles/1110_Collective Consciousness.wiki,26
683,0,Colony,https://scape-and-run-parasites.fandom.com/wiki/Colony,wiki/articles/683_Colony.wiki,8613
1233,0,Colony Carrier,https://scape-and-run-parasites.fandom.com/wiki/Colony%20Carrier,wiki/articles/1233_Colony Carrier.wiki,3058
2803,0,Colony Compass,https://scape-and-run-parasites.fandom.com/wiki/Colony%20Compass,wiki/articles/2803_Colony Compass.wiki,352
996,0,Commands,https://scape-and-run-parasites.fandom.com/wiki/Commands,wiki/articles/996_Commands.wiki,11148
2235,0,Compendium,https://scape-and-run-parasites.fandom.com/wiki/Compendium,wiki/articles/2235_Compendium.wiki,73026
2289,0,Concussive Smoke Trail,https://scape-and-run-parasites.fandom.com/wiki/Concussive%20Smoke%20Trail,wiki/articles/2289_Concussive Smoke Trail.wiki,596
2125,0,Conta,https://scape-and-run-parasites.fandom.com/wiki/Conta,wiki/articles/2125_Conta.wiki,492
992,0,Corrosion,https://scape-and-run-parasites.fandom.com/wiki/Corrosion,wiki/articles/992_Corrosion.wiki,1191
2241,0,Corrosive Mucus,https://scape-and-run-parasites.fandom.com/wiki/Corrosive%20Mucus,wiki/articles/2241_Corrosive Mucus.wiki,458
3099,0,Cow (Disambiguation),https://scape-and-run-parasites.fandom.com/wiki/Cow%20%28Disambiguation%29,wiki/articles/3099_Cow (Disambiguation).wiki,432
2939,0,Creative Infestation Purifier,https://scape-and-run-parasites.fandom.com/wiki/Creative%20Infestation%20Purifier,wiki/articles/2939_Creative Infestation Purifier.wiki,704
2386,0,Crude,https://scape-and-run-parasites.fandom.com/wiki/Crude,wiki/articles/2386_Crude.wiki,468
2779,0,Crude Module,https://scape-and-run-parasites.fandom.com/wiki/Crude%20Module,wiki/articles/2779_Crude Module.wiki,33
1020,0,Crude Parasites,https://scape-and-run-parasites.fandom.com/wiki/Crude%20Parasites,wiki/articles/1020_Crude Parasites.wiki,38
581,0,Crux,https://scape-and-run-parasites.fandom.com/wiki/Crux,wiki/articles/581_Crux.wiki,3237
3097,0,Crux (Disambiguation),https://scape-and-run-parasites.fandom.com/wiki/Crux%20%28Disambiguation%29,wiki/articles/3097_Crux (Disambiguation).wiki,220
1394,0,Current Version,https://scape-and-run-parasites.fandom.com/wiki/Current%20Version,wiki/articles/1394_Current Version.wiki,28
1143,0,Cyst,https://scape-and-run-parasites.fandom.com/wiki/Cyst,wiki/articles/1143_Cyst.wiki,27
2817,0,Dead Blood,https://scape-and-run-parasites.fandom.com/wiki/Dead%20Blood,wiki/articles/2817_Dead Blood.wiki,1981
2610,0,Dead Blood Fluid,https://scape-and-run-parasites.fandom.com/wiki/Dead%20Blood%20Fluid,wiki/articles/2610_Dead Blood Fluid.wiki,1206
1326,0,Debar,https://scape-and-run-parasites.fandom.com/wiki/Debar,wiki/articles/1326_Debar.wiki,807
1137,0,Debug Items,https://scape-and-run-parasites.fandom.com/wiki/Debug%20Items,wiki/articles/1137_Debug Items.wiki,3864
2902,0,Derived Distortion Phenomenon,https://scape-and-run-parasites.fandom.com/wiki/Derived%20Distortion%20Phenomenon,wiki/articles/2902_Derived Distortion Phenomenon.wiki,1006
2927,0,Derived Module,https://scape-and-run-parasites.fandom.com/wiki/Derived%20Module,wiki/articles/2927_Derived Module.wiki,36
2081,0,Derived Parasites,https://scape-and-run-parasites.fandom.com/wiki/Derived%20Parasites,wiki/articles/2081_Derived Parasites.wiki,41
2623,0,Dermoid Cyst,https://scape-and-run-parasites.fandom.com/wiki/Dermoid%20Cyst,wiki/articles/2623_Dermoid Cyst.wiki,1202
2787,0,Desmoid Module,https://scape-and-run-parasites.fandom.com/wiki/Desmoid%20Module,wiki/articles/2787_Desmoid Module.wiki,35
2783,0,Deterrent Module,https://scape-and-run-parasites.fandom.com/wiki/Deterrent%20Module,wiki/articles/2783_Deterrent Module.wiki,37
1091,0,Deterrent Parasites,https://scape-and-run-parasites.fandom.com/wiki/Deterrent%20Parasites,wiki/articles/1091_Deterrent Parasites.wiki,43
1309,0,Devourer (Disambiguation),https://scape-and-run-parasites.fandom.com/wiki/Devourer%20%28Disambiguation%29,wiki/articles/1309_Devourer (Disambiguation).wiki,375
1257,0,Devourer Tentacle,https://scape-and-run-parasites.fandom.com/wiki/Devourer%20Tentacle,wiki/articles/1257_Devourer Tentacle.wiki,954
2139,0,Difficulties,https://scape-and-run-parasites.fandom.com/wiki/Difficulties,wiki/articles/2139_Difficulties.wiki,652
1244,0,Dirty Clock,https://scape-and-run-parasites.fandom.com/wiki/Dirty%20Clock,wiki/articles/1244_Dirty Clock.wiki,28
554,0,Diseased Heart,https://scape-and-run-parasites.fandom.com/wiki/Diseased%20Heart,wiki/articles/554_Diseased Heart.wiki,1555
2815,0,Diseased Sponge,https://scape-and-run-parasites.fandom.com/wiki/Diseased%20Sponge,wiki/articles/2815_Diseased Sponge.wiki,619
2826,0,Dislodgement Module,https://scape-and-run-parasites.fandom.com/wiki/Dislodgement%20Module,wiki/articles/2826_Dislodgement Module.wiki,40
2887,0,Dislodgement Report,https://scape-and-run-parasites.fandom.com/wiki/Dislodgement%20Report,wiki/articles/2887_Dislodgement Report.wiki,47
2192,0,Dislodgment,https://scape-and-run-parasites.fandom.com/wiki/Dislodgment,wiki/articles/2192_Dislodgment.wiki,32
2185,0,Dislodgment System,https://scape-and-run-parasites.fandom.com/wiki/Dislodgment%20System,wiki/articles/2185_Dislodgment System.wiki,19165
1238,0,Dispatcher (Disambiguation),https://scape-and-run-parasites.fandom.com/wiki/Dispatcher%20%28Disambiguation%29,wiki/articles/1238_Dispatcher (Disambiguation).wiki,738
1260,0,Dispatcher Membrane,https://scape-and-run-parasites.fandom.com/wiki/Dispatcher%20Membrane,wiki/articles/1260_Dispatcher Membrane.wiki,1117
1333,0,Dispatcher Nidus,https://scape-and-run-parasites.fandom.com/wiki/Dispatcher%20Nidus,wiki/articles/1333_Dispatcher Nidus.wiki,972
1582,0,Dispatcher Tentacle,https://scape-and-run-parasites.fandom.com/wiki/Dispatcher%20Tentacle,wiki/articles/1582_Dispatcher Tentacle.wiki,2719
3182,0,Distorted Enlightenment,https://scape-and-run-parasites.fandom.com/wiki/Distorted%20Enlightenment,wiki/articles/3182_Distorted Enlightenment.wiki,891
414,0,Doomsday Clock,https://scape-and-run-parasites.fandom.com/wiki/Doomsday%20Clock,wiki/articles/414_Doomsday Clock.wiki,1360
2132,0,Draconite,https://scape-and-run-parasites.fandom.com/wiki/Draconite,wiki/articles/2132_Draconite.wiki,5397
2899,0,Draconite Trophy,https://scape-and-run-parasites.fandom.com/wiki/Draconite%20Trophy,wiki/articles/2899_Draconite Trophy.wiki,38
1768,0,Dreadnaut,https://scape-and-run-parasites.fandom.com/wiki/Dreadnaut,wiki/articles/1768_Dreadnaut.wiki,31
2091,0,Dredge,https://scape-and-run-parasites.fandom.com/wiki/Dredge,wiki/articles/2091_Dredge.wiki,2137
757,0,Dried Tendons,https://scape-and-run-parasites.fandom.com/wiki/Dried%20Tendons,wiki/articles/757_Dried Tendons.wiki,793
1100,0,Drops,https://scape-and-run-parasites.fandom.com/wiki/Drops,wiki/articles/1100_Drops.wiki,27
2818,0,EIVs,https://scape-and-run-parasites.fandom.com/wiki/EIVs,wiki/articles/2818_EIVs.wiki,40
1097,0,Effects,https://scape-and-run-parasites.fandom.com/wiki/Effects,wiki/articles/1097_Effects.wiki,31
2341,0,Emerging Infestation Vector,https://scape-and-run-parasites.fandom.com/wiki/Emerging%20Infestation%20Vector,wiki/articles/2341_Emerging Infestation Vector.wiki,6004
3108,0,Ender Dragon (Disambiguation),https://scape-and-run-parasites.fandom.com/wiki/Ender%20Dragon%20%28Disambiguation%29,wiki/articles/3108_Ender Dragon (Disambiguation).wiki,275
3106,0,Enderman (Disambiguation),https://scape-and-run-parasites.fandom.com/wiki/Enderman%20%28Disambiguation%29,wiki/articles/3106_Enderman (Disambiguation).wiki,472
3192,0,Epitome Infestation Warp Diffuser,https://scape-and-run-parasites.fandom.com/wiki/Epitome%20Infestation%20Warp%20Diffuser,wiki/articles/3192_Epitome Infestation Warp Diffuser.wiki,873
1371,0,Equipment,https://scape-and-run-parasites.fandom.com/wiki/Equipment,wiki/articles/1371_Equipment.wiki,33
2907,0,Esca Bulb,https://scape-and-run-parasites.fandom.com/wiki/Esca%20Bulb,wiki/articles/2907_Esca Bulb.wiki,913
2788,0,Eschar Module,https://scape-and-run-parasites.fandom.com/wiki/Eschar%20Module,wiki/articles/2788_Eschar Module.wiki,34
2256,0,Essential Segment,https://scape-and-run-parasites.fandom.com/wiki/Essential%20Segment,wiki/articles/2256_Essential Segment.wiki,35
300,0,Evolution Phases,https://scape-and-run-parasites.fandom.com/wiki/Evolution%20Phases,wiki/articles/300_Evolution Phases.wiki,18545
169,0,Evolution System,https://scape-and-run-parasites.fandom.com/wiki/Evolution%20System,wiki/articles/169_Evolution System.wiki,12630
2242,0,Eye Of The Beholder,https://scape-and-run-parasites.fandom.com/wiki/Eye%20Of%20The%20Beholder,wiki/articles/2242_Eye Of The Beholder.wiki,1684
1010,0,FAQ,https://scape-and-run-parasites.fandom.com/wiki/FAQ,wiki/articles/1010_FAQ.wiki,39
2347,0,False Apple,https://scape-and-run-parasites.fandom.com/wiki/False%20Apple,wiki/articles/2347_False Apple.wiki,1023
607,0,Fear,https://scape-and-run-parasites.fandom.com/wiki/Fear,wiki/articles/607_Fear.wiki,2075
2384,0,Feral,https://scape-and-run-parasites.fandom.com/wiki/Feral,wiki/articles/2384_Feral.wiki,581
1550,0,Feral Bear,https://scape-and-run-parasites.fandom.com/wiki/Feral%20Bear,wiki/articles/1550_Feral Bear.wiki,2336
1578,0,Feral Cow,https://scape-and-run-parasites.fandom.com/wiki/Feral%20Cow,wiki/articles/1578_Feral Cow.wiki,2012
1548,0,Feral Enderman,https://scape-and-run-parasites.fandom.com/wiki/Feral%20Enderman,wiki/articles/1548_Feral Enderman.wiki,3913
1681,0,Feral Horse,https://scape-and-run-parasites.fandom.com/wiki/Feral%20Horse,wiki/articles/1681_Feral Horse.wiki,2253
1583,0,Feral Human,https://scape-and-run-parasites.fandom.com/wiki/Feral%20Human,wiki/articles/1583_Feral Human.wiki,2050
2778,0,Feral Module,https://scape-and-run-parasites.fandom.com/wiki/Feral%20Module,wiki/articles/2778_Feral Module.wiki,33
1553,0,Feral Parasites,https://scape-and-run-parasites.fandom.com/wiki/Feral%20Parasites,wiki/articles/1553_Feral Parasites.wiki,39
1727,0,Feral Pig,https://scape-and-run-parasites.fandom.com/wiki/Feral%20Pig,wiki/articles/1727_Feral Pig.wiki,1931
1728,0,Feral Sheep,https://scape-and-run-parasites.fandom.com/wiki/Feral%20Sheep,wiki/articles/1728_Feral Sheep.wiki,1969
1729,0,Feral Villager,https://scape-and-run-parasites.fandom.com/wiki/Feral%20Villager,wiki/articles/1729_Feral Villager.wiki,2049
2052,0,Feral Wolf,https://scape-and-run-parasites.fandom.com/wiki/Feral%20Wolf,wiki/articles/2052_Feral Wolf.wiki,2003
2236,0,Fishlin,https://scape-and-run-parasites.fandom.com/wiki/Fishlin,wiki/articles/2236_Fishlin.wiki,879
278,0,Flying Carrier,https://scape-and-run-parasites.fandom.com/wiki/Flying%20Carrier,wiki/articles/278_Flying Carrier.wiki,2762
2681,0,Fog Nullifier,https://scape-and-run-parasites.fandom.com/wiki/Fog%20Nullifier,wiki/articles/2681_Fog Nullifier.wiki,834
1348,0,For (disambiguation),https://scape-and-run-parasites.fandom.com/wiki/For%20%28disambiguation%29,wiki/articles/1348_For (disambiguation).wiki,41
1328,0,Foster,https://scape-and-run-parasites.fandom.com/wiki/Foster,wiki/articles/1328_Foster.wiki,588
981,0,Frequently Asked Questions,https://scape-and-run-parasites.fandom.com/wiki/Frequently%20Asked%20Questions,wiki/articles/981_Frequently Asked Questions.wiki,19194
2400,0,Frostbite,https://scape-and-run-parasites.fandom.com/wiki/Frostbite,wiki/articles/2400_Frostbite.wiki,452
1349,0,Further (disambiguation),https://scape-and-run-parasites.fandom.com/wiki/Further%20%28disambiguation%29,wiki/articles/1349_Further (disambiguation).wiki,45
2267,0,Generations,https://scape-and-run-parasites.fandom.com/wiki/Generations,wiki/articles/2267_Generations.wiki,4775
2137,0,Giant Head,https://scape-and-run-parasites.fandom.com/wiki/Giant%20Head,wiki/articles/2137_Giant Head.wiki,797
1678,0,Gnat,https://scape-and-run-parasites.fandom.com/wiki/Gnat,wiki/articles/1678_Gnat.wiki,3013
360,0,Grunt,https://scape-and-run-parasites.fandom.com/wiki/Grunt,wiki/articles/360_Grunt.wiki,2438
752,0,Hardened Bone Handle,https://scape-and-run-parasites.fandom.com/wiki/Hardened%20Bone%20Handle,wiki/articles/752_Hardened Bone Handle.wiki,1744
1111,0,Hardness,https://scape-and-run-parasites.fandom.com/wiki/Hardness,wiki/articles/1111_Hardness.wiki,39
1027,0,Hardness (Disambiguation),https://scape-and-run-parasites.fandom.com/wiki/Hardness%20%28Disambiguation%29,wiki/articles/1027_Hardness (Disambiguation).wiki,1877
2895,0,Harlequin Biome,https://scape-and-run-parasites.fandom.com/wiki/Harlequin%20Biome,wiki/articles/2895_Harlequin Biome.wiki,3085
1351,0,Hatnote (disambiguation),https://scape-and-run-parasites.fandom.com/wiki/Hatnote%20%28disambiguation%29,wiki/articles/1351_Hatnote (disambiguation).wiki,45
1350,0,Hatnote/doc (disambiguation),https://scape-and-run-parasites.fandom.com/wiki/Hatnote/doc%20%28disambiguation%29,wiki/articles/1350_Hatnote_doc (disambiguation).wiki,49
1231,0,Haunter,https://scape-and-run-parasites.fandom.com/wiki/Haunter,wiki/articles/1231_Haunter.wiki,2054
1022,0,Heavy Bomber,https://scape-and-run-parasites.fandom.com/wiki/Heavy%20Bomber,wiki/articles/1022_Heavy Bomber.wiki,2872
262,0,Heavy Carrier,https://scape-and-run-parasites.fandom.com/wiki/Heavy%20Carrier,wiki/articles/262_Heavy Carrier.wiki,2962
582,0,Heed,https://scape-and-run-parasites.fandom.com/wiki/Heed,wiki/articles/582_Heed.wiki,1526
1372,0,Heightened Senses,https://scape-and-run-parasites.fandom.com/wiki/Heightened%20Senses,wiki/articles/1372_Heightened Senses.wiki,684
1223,0,Herd,https://scape-and-run-parasites.fandom.com/wiki/Herd,wiki/articles/1223_Herd.wiki,3720
2069,0,Hijacked Blaze,https://scape-and-run-parasites.fandom.com/wiki/Hijacked%20Blaze,wiki/articles/2069_Hijacked Blaze.wiki,2441
2243,0,Hijacked Blaze Rod,https://scape-and-run-parasites.fandom.com/wiki/Hijacked%20Blaze%20Rod,wiki/articles/2243_Hijacked Blaze Rod.wiki,384
2255,0,Hijacked Bone,https://scape-and-run-parasites.fandom.com/wiki/Hijacked%20Bone,wiki/articles/2255_Hijacked Bone.wiki,354
1732,0,Hijacked Golem,https://scape-and-run-parasites.fandom.com/wiki/Hijacked%20Golem,wiki/articles/1732_Hijacked Golem.wiki,2529
2238,0,Hijacked Growth,https://scape-and-run-parasites.fandom.com/wiki/Hijacked%20Growth,wiki/articles/2238_Hijacked Growth.wiki,675
2253,0,Hijacked Iron Armor,https://scape-and-run-parasites.fandom.com/wiki/Hijacked%20Iron%20Armor,wiki/articles/2253_Hijacked Iron Armor.wiki,2415
2696,0,Hijacked Iron Axe,https://scape-and-run-parasites.fandom.com/wiki/Hijacked%20Iron%20Axe,wiki/articles/2696_Hijacked Iron Axe.wiki,33
2699,0,Hijacked Iron Hoe,https://scape-and-run-parasites.fandom.com/wiki/Hijacked%20Iron%20Hoe,wiki/articles/2699_Hijacked Iron Hoe.wiki,33
2244,0,Hijacked Iron Ingot,https://scape-and-run-parasites.fandom.com/wiki/Hijacked%20Iron%20Ingot,wiki/articles/2244_Hijacked Iron Ingot.wiki,1204
2698,0,Hijacked Iron Pickaxe,https://scape-and-run-parasites.fandom.com/wiki/Hijacked%20Iron%20Pickaxe,wiki/articles/2698_Hijacked Iron Pickaxe.wiki,33
2697,0,Hijacked Iron Shovel,https://scape-and-run-parasites.fandom.com/wiki/Hijacked%20Iron%20Shovel,wiki/articles/2697_Hijacked Iron Shovel.wiki,33
2695,0,Hijacked Iron Sword,https://scape-and-run-parasites.fandom.com/wiki/Hijacked%20Iron%20Sword,wiki/articles/2695_Hijacked Iron Sword.wiki,33
2258,0,Hijacked Iron Tools,https://scape-and-run-parasites.fandom.com/wiki/Hijacked%20Iron%20Tools,wiki/articles/2258_Hijacked Iron Tools.wiki,1698
1844,0,Hijacked Mobs,https://scape-and-run-parasites.fandom.com/wiki/Hijacked%20Mobs,wiki/articles/1844_Hijacked Mobs.wiki,37
2777,0,Hijacked Module,https://scape-and-run-parasites.fandom.com/wiki/Hijacked%20Module,wiki/articles/2777_Hijacked Module.wiki,36
3272,0,Hijacked Parasites,https://scape-and-run-parasites.fandom.com/wiki/Hijacked%20Parasites,wiki/articles/3272_Hijacked Parasites.wiki,37
2071,0,Hijacked Skeleton,https://scape-and-run-parasites.fandom.com/wiki/Hijacked%20Skeleton,wiki/articles/2071_Hijacked Skeleton.wiki,2388
2678,0,Hive,https://scape-and-run-parasites.fandom.com/wiki/Hive,wiki/articles/2678_Hive.wiki,644
2239,0,Hive Scrap,https://scape-and-run-parasites.fandom.com/wiki/Hive%20Scrap,wiki/articles/2239_Hive Scrap.wiki,948
2914,0,Hivestone Debris,https://scape-and-run-parasites.fandom.com/wiki/Hivestone%20Debris,wiki/articles/2914_Hivestone Debris.wiki,487
3107,0,Horse (Disambiguation),https://scape-and-run-parasites.fandom.com/wiki/Horse%20%28Disambiguation%29,wiki/articles/3107_Horse (Disambiguation).wiki,344
395,0,Host,https://scape-and-run-parasites.fandom.com/wiki/Host,wiki/articles/395_Host.wiki,3774
3100,0,Human (Disambiguation),https://scape-and-run-parasites.fandom.com/wiki/Human%20%28Disambiguation%29,wiki/articles/3100_Human (Disambiguation).wiki,448
2790,0,Ideal Module,https://scape-and-run-parasites.fandom.com/wiki/Ideal%20Module,wiki/articles/2790_Ideal Module.wiki,33
990,0,Immalleable,https://scape-and-run-parasites.fandom.com/wiki/Immalleable,wiki/articles/990_Immalleable.wiki,482
2775,0,Inborn Module,https://scape-and-run-parasites.fandom.com/wiki/Inborn%20Module,wiki/articles/2775_Inborn Module.wiki,34
971,0,Inborn Parasites,https://scape-and-run-parasites.fandom.com/wiki/Inborn%20Parasites,wiki/articles/971_Inborn Parasites.wiki,40
2128,0,Incomplete Crux,https://scape-and-run-parasites.fandom.com/wiki/Incomplete%20Crux,wiki/articles/2128_Incomplete Crux.wiki,2088
3205,0,Incomplete Form (Disambiguation),https://scape-and-run-parasites.fandom.com/wiki/Incomplete%20Form%20%28Disambiguation%29,wiki/articles/3205_Incomplete Form (Disambiguation).wiki,441
3207,0,Incomplete Forms,https://scape-and-run-parasites.fandom.com/wiki/Incomplete%20Forms,wiki/articles/3207_Incomplete Forms.wiki,45
2392,0,Indeaf,https://scape-and-run-parasites.fandom.com/wiki/Indeaf,wiki/articles/2392_Indeaf.wiki,523
547,0,Infected Flesh,https://scape-and-run-parasites.fandom.com/wiki/Infected%20Flesh,wiki/articles/547_Infected Flesh.wiki,2894
754,0,Infectious Blade Fragment,https://scape-and-run-parasites.fandom.com/wiki/Infectious%20Blade%20Fragment,wiki/articles/754_Infectious Blade Fragment.wiki,1417
1965,0,Infested Blocks,https://scape-and-run-parasites.fandom.com/wiki/Infested%20Blocks,wiki/articles/1965_Infested Blocks.wiki,16713
2251,0,Infested Bonemeal,https://scape-and-run-parasites.fandom.com/wiki/Infested%20Bonemeal,wiki/articles/2251_Infested Bonemeal.wiki,1315
258,0,Infested Residue,https://scape-and-run-parasites.fandom.com/wiki/Infested%20Residue,wiki/articles/258_Infested Residue.wiki,1366
3188,0,Infuser Furnace,https://scape-and-run-parasites.fandom.com/wiki/Infuser%20Furnace,wiki/articles/3188_Infuser Furnace.wiki,42
1021,0,Install,https://scape-and-run-parasites.fandom.com/wiki/Install,wiki/articles/1021_Install.wiki,34
998,0,Installation Tutorial,https://scape-and-run-parasites.fandom.com/wiki/Installation%20Tutorial,wiki/articles/998_Installation Tutorial.wiki,2675
2707,0,Item IDs,https://scape-and-run-parasites.fandom.com/wiki/Item%20IDs,wiki/articles/2707_Item IDs.wiki,33545
1122,0,Items,https://scape-and-run-parasites.fandom.com/wiki/Items,wiki/articles/1122_Items.wiki,27
2626,0,Jugg,https://scape-and-run-parasites.fandom.com/wiki/Jugg,wiki/articles/2626_Jugg.wiki,634
2133,0,Kirin,https://scape-and-run-parasites.fandom.com/wiki/Kirin,wiki/articles/2133_Kirin.wiki,4440
2898,0,Kirin Trophy,https://scape-and-run-parasites.fandom.com/wiki/Kirin%20Trophy,wiki/articles/2898_Kirin Trophy.wiki,34
270,0,Kyphosis,https://scape-and-run-parasites.fandom.com/wiki/Kyphosis,wiki/articles/270_Kyphosis.wiki,2608
2246,0,Level Clock,https://scape-and-run-parasites.fandom.com/wiki/Level%20Clock,wiki/articles/2246_Level Clock.wiki,755
2088,0,Lice,https://scape-and-run-parasites.fandom.com/wiki/Lice,wiki/articles/2088_Lice.wiki,2284
400,0,Light Bomber,https://scape-and-run-parasites.fandom.com/wiki/Light%20Bomber,wiki/articles/400_Light Bomber.wiki,3220
1679,0,Light Carrier,https://scape-and-run-parasites.fandom.com/wiki/Light%20Carrier,wiki/articles/1679_Light Carrier.wiki,3017
1327,0,Link,https://scape-and-run-parasites.fandom.com/wiki/Link,wiki/articles/1327_Link.wiki,830
1367,0,Living Armor,https://scape-and-run-parasites.fandom.com/wiki/Living%20Armor,wiki/articles/1367_Living Armor.wiki,1304
730,0,Living Axe,https://scape-and-run-parasites.fandom.com/wiki/Living%20Axe,wiki/articles/730_Living Axe.wiki,1420
346,0,Living Bow,https://scape-and-run-parasites.fandom.com/wiki/Living%20Bow,wiki/articles/346_Living Bow.wiki,1591
736,0,Living Cleaver,https://scape-and-run-parasites.fandom.com/wiki/Living%20Cleaver,wiki/articles/736_Living Cleaver.wiki,1473
755,0,Living Core,https://scape-and-run-parasites.fandom.com/wiki/Living%20Core,wiki/articles/755_Living Core.wiki,1730
1839,0,Living Lance,https://scape-and-run-parasites.fandom.com/wiki/Living%20Lance,wiki/articles/1839_Living Lance.wiki,1333
1832,0,Living Maul,https://scape-and-run-parasites.fandom.com/wiki/Living%20Maul,wiki/articles/1832_Living Maul.wiki,1711
304,0,Living Scythe,https://scape-and-run-parasites.fandom.com/wiki/Living%20Scythe,wiki/articles/304_Living Scythe.wiki,1835
733,0,Living Sword,https://scape-and-run-parasites.fandom.com/wiki/Living%20Sword,wiki/articles/733_Living Sword.wiki,1513
1064,0,Longarms (Disambiguation),https://scape-and-run-parasites.fandom.com/wiki/Longarms%20%28Disambiguation%29,wiki/articles/1064_Longarms (Disambiguation).wiki,377
343,0,Longarms Armor Fragment,https://scape-and-run-parasites.fandom.com/wiki/Longarms%20Armor%20Fragment,wiki/articles/343_Longarms Armor Fragment.wiki,979
1509,0,Lore,https://scape-and-run-parasites.fandom.com/wiki/Lore,wiki/articles/1509_Lore.wiki,101
526,0,Lure,https://scape-and-run-parasites.fandom.com/wiki/Lure,wiki/articles/526_Lure.wiki,19
2705,0,Lure (Concentrated),https://scape-and-run-parasites.fandom.com/wiki/Lure%20%28Concentrated%29,wiki/articles/2705_Lure (Concentrated).wiki,19
2701,0,Lure (Faint),https://scape-and-run-parasites.fandom.com/wiki/Lure%20%28Faint%29,wiki/articles/2701_Lure (Faint).wiki,19
2702,0,Lure (Slender),https://scape-and-run-parasites.fandom.com/wiki/Lure%20%28Slender%29,wiki/articles/2702_Lure (Slender).wiki,19
2703,0,Lure (Stable),https://scape-and-run-parasites.fandom.com/wiki/Lure%20%28Stable%29,wiki/articles/2703_Lure (Stable).wiki,19
2704,0,Lure (Substantial),https://scape-and-run-parasites.fandom.com/wiki/Lure%20%28Substantial%29,wiki/articles/2704_Lure (Substantial).wiki,19
2700,0,Lure (Weakened),https://scape-and-run-parasites.fandom.com/wiki/Lure%20%28Weakened%29,wiki/articles/2700_Lure (Weakened).wiki,19
2928,0,Lure Components,https://scape-and-run-parasites.fandom.com/wiki/Lure%20Components,wiki/articles/2928_Lure Components.wiki,28
1096,0,Lures,https://scape-and-run-parasites.fandom.com/wiki/Lures,wiki/articles/1096_Lures.wiki,5932
1352,0,Main (disambiguation),https://scape-and-run-parasites.fandom.com/wiki/Main%20%28disambiguation%29,wiki/articles/1352_Main (disambiguation).wiki,42
167,0,Main Page,https://scape-and-run-parasites.fandom.com/wiki/Main%20Page,wiki/articles/167_Main Page.wiki,43
2942,0,Malignant Growth,https://scape-and-run-parasites.fandom.com/wiki/Malignant%20Growth,wiki/articles/2942_Malignant Growth.wiki,35
1065,0,Manducater (Disambiguation),https://scape-and-run-parasites.fandom.com/wiki/Manducater%20%28Disambiguation%29,wiki/articles/1065_Manducater (Disambiguation).wiki,370
351,0,Manducater Orb,https://scape-and-run-parasites.fandom.com/wiki/Manducater%20Orb,wiki/articles/351_Manducater Orb.wiki,779
1199,0,Mangler,https://scape-and-run-parasites.fandom.com/wiki/Mangler,wiki/articles/1199_Mangler.wiki,3875
2134,0,Many Bodies,https://scape-and-run-parasites.fandom.com/wiki/Many%20Bodies,wiki/articles/2134_Many Bodies.wiki,1714
359,0,Marauder,https://scape-and-run-parasites.fandom.com/wiki/Marauder,wiki/articles/359_Marauder.wiki,4680
2685,0,Maw,https://scape-and-run-parasites.fandom.com/wiki/Maw,wiki/articles/2685_Maw.wiki,605
3195,0,Medium Incomplete Form,https://scape-and-run-parasites.fandom.com/wiki/Medium%20Incomplete%20Form,wiki/articles/3195_Medium Incomplete Form.wiki,3072
2444,0,Metallurgical Infuser Furnace,https://scape-and-run-parasites.fandom.com/wiki/Metallurgical%20Infuser%20Furnace,wiki/articles/2444_Metallurgical Infuser Furnace.wiki,1285
2943,0,Metastatic Mass,https://scape-and-run-parasites.fandom.com/wiki/Metastatic%20Mass,wiki/articles/2943_Metastatic Mass.wiki,35
2290,0,Meteor,https://scape-and-run-parasites.fandom.com/wiki/Meteor,wiki/articles/2290_Meteor.wiki,4992
1115,0,Mobs,https://scape-and-run-parasites.fandom.com/wiki/Mobs,wiki/articles/1115_Mobs.wiki,26
1117,0,Mod Content,https://scape-and-run-parasites.fandom.com/wiki/Mod%20Content,wiki/articles/1117_Mod Content.wiki,33
2433,0,Module Genic Receptacle,https://scape-and-run-parasites.fandom.com/wiki/Module%20Genic%20Receptacle,wiki/articles/2433_Module Genic Receptacle.wiki,3467
2438,0,Module Organ Synth,https://scape-and-run-parasites.fandom.com/wiki/Module%20Organ%20Synth,wiki/articles/2438_Module Organ Synth.wiki,2268
2884,0,Module Reports,https://scape-and-run-parasites.fandom.com/wiki/Module%20Reports,wiki/articles/2884_Module Reports.wiki,3244
2440,0,Module Tissue Spike,https://scape-and-run-parasites.fandom.com/wiki/Module%20Tissue%20Spike,wiki/articles/2440_Module Tissue Spike.wiki,1491
2431,0,Modules,https://scape-and-run-parasites.fandom.com/wiki/Modules,wiki/articles/2431_Modules.wiki,13374
1226,0,Monarch,https://scape-and-run-parasites.fandom.com/wiki/Monarch,wiki/articles/1226_Monarch.wiki,4031
571,0,Moving Flesh,https://scape-and-run-parasites.fandom.com/wiki/Moving%20Flesh,wiki/articles/571_Moving Flesh.wiki,4474
2396,0,Muscle Out,https://scape-and-run-parasites.fandom.com/wiki/Muscle%20Out,wiki/articles/2396_Muscle Out.wiki,578
2198,0,Music Discs,https://scape-and-run-parasites.fandom.com/wiki/Music%20Discs,wiki/articles/2198_Music Discs.wiki,1379
1136,0,NULL,https://scape-and-run-parasites.fandom.com/wiki/NULL,wiki/articles/1136_NULL.wiki,25
1135,0,Nameless Item,https://scape-and-run-parasites.fandom.com/wiki/Nameless%20Item,wiki/articles/1135_Nameless Item.wiki,25
1325,0,Needler,https://scape-and-run-parasites.fandom.com/wiki/Needler,wiki/articles/1325_Needler.wiki,1236
2398,0,Negative,https://scape-and-run-parasites.fandom.com/wiki/Negative,wiki/articles/2398_Negative.wiki,500
2448,0,Nests,https://scape-and-run-parasites.fandom.com/wiki/Nests,wiki/articles/2448_Nests.wiki,5534
2387,0,Nexus,https://scape-and-run-parasites.fandom.com/wiki/Nexus,wiki/articles/2387_Nexus.wiki,581
2782,0,Nexus Module,https://scape-and-run-parasites.fandom.com/wiki/Nexus%20Module,wiki/articles/2782_Nexus Module.wiki,33
1240,0,Nexus Parasites,https://scape-and-run-parasites.fandom.com/wiki/Nexus%20Parasites,wiki/articles/1240_Nexus Parasites.wiki,38
2395,0,No Vision,https://scape-and-run-parasites.fandom.com/wiki/No%20Vision,wiki/articles/2395_No Vision.wiki,550
608,0,Node,https://scape-and-run-parasites.fandom.com/wiki/Node,wiki/articles/608_Node.wiki,32
2247,0,Node Compass,https://scape-and-run-parasites.fandom.com/wiki/Node%20Compass,wiki/articles/2247_Node Compass.wiki,368
2675,0,Node Lamp,https://scape-and-run-parasites.fandom.com/wiki/Node%20Lamp,wiki/articles/2675_Node Lamp.wiki,1614
686,0,Noxious Brain,https://scape-and-run-parasites.fandom.com/wiki/Noxious%20Brain,wiki/articles/686_Noxious Brain.wiki,1177
1336,0,Orb,https://scape-and-run-parasites.fandom.com/wiki/Orb,wiki/articles/1336_Orb.wiki,2974
1337,0,Orbs,https://scape-and-run-parasites.fandom.com/wiki/Orbs,wiki/articles/1337_Orbs.wiki,17
2791,0,Origin Module,https://scape-and-run-parasites.fandom.com/wiki/Origin%20Module,wiki/articles/2791_Origin Module.wiki,34
2394,0,Overheating,https://scape-and-run-parasites.fandom.com/wiki/Overheating,wiki/articles/2394_Overheating.wiki,508
1769,0,Overlord,https://scape-and-run-parasites.fandom.com/wiki/Overlord,wiki/articles/1769_Overlord.wiki,30
356,0,Overseer,https://scape-and-run-parasites.fandom.com/wiki/Overseer,wiki/articles/356_Overseer.wiki,4332
361,0,Parasite Biome,https://scape-and-run-parasites.fandom.com/wiki/Parasite%20Biome,wiki/articles/361_Parasite Biome.wiki,5053
2940,0,Parasite Chunk Barrier,https://scape-and-run-parasites.fandom.com/wiki/Parasite%20Chunk%20Barrier,wiki/articles/2940_Parasite Chunk Barrier.wiki,561
662,0,Parasitic Cyst,https://scape-and-run-parasites.fandom.com/wiki/Parasitic%20Cyst,wiki/articles/662_Parasitic Cyst.wiki,1590
2667,0,Parasitic Growth Block,https://scape-and-run-parasites.fandom.com/wiki/Parasitic%20Growth%20Block,wiki/articles/2667_Parasitic Growth Block.wiki,5418
2120,0,Parate,https://scape-and-run-parasites.fandom.com/wiki/Parate,wiki/articles/2120_Parate.wiki,949
2795,0,Pestilential Ore,https://scape-and-run-parasites.fandom.com/wiki/Pestilential%20Ore,wiki/articles/2795_Pestilential Ore.wiki,1888
671,0,Phase,https://scape-and-run-parasites.fandom.com/wiki/Phase,wiki/articles/671_Phase.wiki,29
2792,0,Phase Module,https://scape-and-run-parasites.fandom.com/wiki/Phase%20Module,wiki/articles/2792_Phase Module.wiki,33
2885,0,Phase Report,https://scape-and-run-parasites.fandom.com/wiki/Phase%20Report,wiki/articles/2885_Phase Report.wiki,40
3104,0,Pig (Disambiguation),https://scape-and-run-parasites.fandom.com/wiki/Pig%20%28Disambiguation%29,wiki/articles/3104_Pig (Disambiguation).wiki,332
1833,0,Pivot,https://scape-and-run-parasites.fandom.com/wiki/Pivot,wiki/articles/1833_Pivot.wiki,882
2397,0,Positive,https://scape-and-run-parasites.fandom.com/wiki/Positive,wiki/articles/2397_Positive.wiki,511
2785,0,Preeminent Module,https://scape-and-run-parasites.fandom.com/wiki/Preeminent%20Module,wiki/articles/2785_Preeminent Module.wiki,38
1241,0,Preeminent Parasites,https://scape-and-run-parasites.fandom.com/wiki/Preeminent%20Parasites,wiki/articles/1241_Preeminent Parasites.wiki,43
1168,0,Previews,https://scape-and-run-parasites.fandom.com/wiki/Previews,wiki/articles/1168_Previews.wiki,7157
1758,0,Prey,https://scape-and-run-parasites.fandom.com/wiki/Prey,wiki/articles/1758_Prey.wiki,808
2383,0,Primitive,https://scape-and-run-parasites.fandom.com/wiki/Primitive,wiki/articles/2383_Primitive.wiki,618
1033,0,Primitive Arachnida,https://scape-and-run-parasites.fandom.com/wiki/Primitive%20Arachnida,wiki/articles/1033_Primitive Arachnida.wiki,4809
1035,0,Primitive Bolster,https://scape-and-run-parasites.fandom.com/wiki/Primitive%20Bolster,wiki/articles/1035_Primitive Bolster.wiki,4389
2200,0,Primitive Burrower,https://scape-and-run-parasites.fandom.com/wiki/Primitive%20Burrower,wiki/articles/2200_Primitive Burrower.wiki,2009
586,0,Primitive Devourer,https://scape-and-run-parasites.fandom.com/wiki/Primitive%20Devourer,wiki/articles/586_Primitive Devourer.wiki,3822
1051,0,Primitive Longarms,https://scape-and-run-parasites.fandom.com/wiki/Primitive%20Longarms,wiki/articles/1051_Primitive Longarms.wiki,5102
1053,0,Primitive Manducater,https://scape-and-run-parasites.fandom.com/wiki/Primitive%20Manducater,wiki/articles/1053_Primitive Manducater.wiki,4992
2780,0,Primitive Module,https://scape-and-run-parasites.fandom.com/wiki/Primitive%20Module,wiki/articles/2780_Primitive Module.wiki,37
1390,0,Primitive Parasite,https://scape-and-run-parasites.fandom.com/wiki/Primitive%20Parasite,wiki/articles/1390_Primitive Parasite.wiki,42
972,0,Primitive Parasites,https://scape-and-run-parasites.fandom.com/wiki/Primitive%20Parasites,wiki/articles/972_Primitive Parasites.wiki,42
1055,0,Primitive Reeker,https://scape-and-run-parasites.fandom.com/wiki/Primitive%20Reeker,wiki/articles/1055_Primitive Reeker.wiki,5419
1057,0,Primitive Summoner,https://scape-and-run-parasites.fandom.com/wiki/Primitive%20Summoner,wiki/articles/1057_Primitive Summoner.wiki,5404
1708,0,Primitive Tozoon,https://scape-and-run-parasites.fandom.com/wiki/Primitive%20Tozoon,wiki/articles/1708_Primitive Tozoon.wiki,3290
1586,0,Primitive Vermin,https://scape-and-run-parasites.fandom.com/wiki/Primitive%20Vermin,wiki/articles/1586_Primitive Vermin.wiki,3464
2092,0,Primitive Viscera,https://scape-and-run-parasites.fandom.com/wiki/Primitive%20Viscera,wiki/articles/2092_Primitive Viscera.wiki,3836
1059,0,Primitive Yelloweye,https://scape-and-run-parasites.fandom.com/wiki/Primitive%20Yelloweye,wiki/articles/1059_Primitive Yelloweye.wiki,4797
2385,0,Pure,https://scape-and-run-parasites.fandom.com/wiki/Pure,wiki/articles/2385_Pure.wiki,579
2784,0,Pure Module,https://scape-and-run-parasites.fandom.com/wiki/Pure%20Module,wiki/articles/2784_Pure Module.wiki,32
1090,0,Pure Parasites,https://scape-and-run-parasites.fandom.com/wiki/Pure%20Parasites,wiki/articles/1090_Pure Parasites.wiki,38
1374,0,Quench,https://scape-and-run-parasites.fandom.com/wiki/Quench,wiki/articles/1374_Quench.wiki,1518
993,0,Rage,https://scape-and-run-parasites.fandom.com/wiki/Rage,wiki/articles/993_Rage.wiki,1104
1066,0,Reeker (Disambiguation),https://scape-and-run-parasites.fandom.com/wiki/Reeker%20%28Disambiguation%29,wiki/articles/1066_Reeker (Disambiguation).wiki,344
348,0,Reeker Fang,https://scape-and-run-parasites.fandom.com/wiki/Reeker%20Fang,wiki/articles/348_Reeker Fang.wiki,916
347,0,Reinforcement System,https://scape-and-run-parasites.fandom.com/wiki/Reinforcement%20System,wiki/articles/347_Reinforcement System.wiki,2083
2922,0,Relay Antennas,https://scape-and-run-parasites.fandom.com/wiki/Relay%20Antennas,wiki/articles/2922_Relay Antennas.wiki,25
2924,0,Relay Structure,https://scape-and-run-parasites.fandom.com/wiki/Relay%20Structure,wiki/articles/2924_Relay Structure.wiki,25
2925,0,Relay Terminal,https://scape-and-run-parasites.fandom.com/wiki/Relay%20Terminal,wiki/articles/2925_Relay Terminal.wiki,25
2350,0,Relay Tower,https://scape-and-run-parasites.fandom.com/wiki/Relay%20Tower,wiki/articles/2350_Relay Tower.wiki,3272
1118,0,Remains,https://scape-and-run-parasites.fandom.com/wiki/Remains,wiki/articles/1118_Remains.wiki,1981
2892,0,Residue,https://scape-and-run-parasites.fandom.com/wiki/Residue,wiki/articles/2892_Residue.wiki,30
2911,0,Residue Block,https://scape-and-run-parasites.fandom.com/wiki/Residue%20Block,wiki/articles/2911_Residue Block.wiki,797
2912,0,Residue Bloomings,https://scape-and-run-parasites.fandom.com/wiki/Residue%20Bloomings,wiki/articles/2912_Residue Bloomings.wiki,578
2789,0,Resistance Module,https://scape-and-run-parasites.fandom.com/wiki/Resistance%20Module,wiki/articles/2789_Resistance Module.wiki,38
2027,0,Rooter,https://scape-and-run-parasites.fandom.com/wiki/Rooter,wiki/articles/2027_Rooter.wiki,36
2146,0,Rooter (Disambiguation),https://scape-and-run-parasites.fandom.com/wiki/Rooter%20%28Disambiguation%29,wiki/articles/2146_Rooter (Disambiguation).wiki,245
2199,0,Rootmass Cyst,https://scape-and-run-parasites.fandom.com/wiki/Rootmass%20Cyst,wiki/articles/2199_Rootmass Cyst.wiki,1057
171,0,Rupter,https://scape-and-run-parasites.fandom.com/wiki/Rupter,wiki/articles/171_Rupter.wiki,5601
682,0,Rupter Viscera,https://scape-and-run-parasites.fandom.com/wiki/Rupter%20Viscera,wiki/articles/682_Rupter Viscera.wiki,922
1,0,Scape and Run: Parasites Wiki,https://scape-and-run-parasites.fandom.com/wiki/Scape%20and%20Run:%20Parasites%20Wiki,wiki/articles/1_Scape and Run_ Parasites Wiki.wiki,4308
645,0,Scent System,https://scape-and-run-parasites.fandom.com/wiki/Scent%20System,wiki/articles/645_Scent System.wiki,6442
1353,0,See also (disambiguation),https://scape-and-run-parasites.fandom.com/wiki/See%20also%20%28disambiguation%29,wiki/articles/1353_See also (disambiguation).wiki,46
2349,0,Seeker,https://scape-and-run-parasites.fandom.com/wiki/Seeker,wiki/articles/2349_Seeker.wiki,1814
1227,0,Seizer,https://scape-and-run-parasites.fandom.com/wiki/Seizer,wiki/articles/1227_Seizer.wiki,1921
2257,0,Semi-Organic Ingot,https://scape-and-run-parasites.fandom.com/wiki/Semi%2DOrganic%20Ingot,wiki/articles/2257_Semi-Organic Ingot.wiki,32
2921,0,Semi-organic Block,https://scape-and-run-parasites.fandom.com/wiki/Semi%2Dorganic%20Block,wiki/articles/2921_Semi-organic Block.wiki,916
2248,0,Semi-organic Ingot,https://scape-and-run-parasites.fandom.com/wiki/Semi%2Dorganic%20Ingot,wiki/articles/2248_Semi-organic Ingot.wiki,2046
1368,0,Sentient Armor,https://scape-and-run-parasites.fandom.com/wiki/Sentient%20Armor,wiki/articles/1368_Sentient Armor.wiki,1384
504,0,Sentient Greataxe,https://scape-and-run-parasites.fandom.com/wiki/Sentient%20Greataxe,wiki/articles/504_Sentient Greataxe.wiki,1147
505,0,Sentient Greatbow,https://scape-and-run-parasites.fandom.com/wiki/Sentient%20Greatbow,wiki/articles/505_Sentient Greatbow.wiki,1325
749,0,Sentient Greatcleaver,https://scape-and-run-parasites.fandom.com/wiki/Sentient%20Greatcleaver,wiki/articles/749_Sentient Greatcleaver.wiki,1028
1840,0,Sentient Greatlance,https://scape-and-run-parasites.fandom.com/wiki/Sentient%20Greatlance,wiki/articles/1840_Sentient Greatlance.wiki,1015
1841,0,Sentient Greatmaul,https://scape-and-run-parasites.fandom.com/wiki/Sentient%20Greatmaul,wiki/articles/1841_Sentient Greatmaul.wiki,1266
739,0,Sentient Greatscythe,https://scape-and-run-parasites.fandom.com/wiki/Sentient%20Greatscythe,wiki/articles/739_Sentient Greatscythe.wiki,1383
747,0,Sentient Greatsword,https://scape-and-run-parasites.fandom.com/wiki/Sentient%20Greatsword,wiki/articles/747_Sentient Greatsword.wiki,1256
279,0,Sentry,https://scape-and-run-parasites.fandom.com/wiki/Sentry,wiki/articles/279_Sentry.wiki,2403
3102,0,Sheep (Disambiguation),https://scape-and-run-parasites.fandom.com/wiki/Sheep%20%28Disambiguation%29,wiki/articles/3102_Sheep (Disambiguation).wiki,448
3003,0,Shrimp,https://scape-and-run-parasites.fandom.com/wiki/Shrimp,wiki/articles/3003_Shrimp.wiki,1450
584,0,Small Incomplete Form,https://scape-and-run-parasites.fandom.com/wiki/Small%20Incomplete%20Form,wiki/articles/584_Small Incomplete Form.wiki,2808
2393,0,Spotted,https://scape-and-run-parasites.fandom.com/wiki/Spotted,wiki/articles/2393_Spotted.wiki,465
1126,0,Stage I Beckon,https://scape-and-run-parasites.fandom.com/wiki/Stage%20I%20Beckon,wiki/articles/1126_Stage I Beckon.wiki,5362
1234,0,Stage I Dispatcher,https://scape-and-run-parasites.fandom.com/wiki/Stage%20I%20Dispatcher,wiki/articles/1234_Stage I Dispatcher.wiki,3282
2055,0,Stage I Rooter,https://scape-and-run-parasites.fandom.com/wiki/Stage%20I%20Rooter,wiki/articles/2055_Stage I Rooter.wiki,2794
1127,0,Stage II Beckon,https://scape-and-run-parasites.fandom.com/wiki/Stage%20II%20Beckon,wiki/articles/1127_Stage II Beckon.wiki,5378
1235,0,Stage II Dispatcher,https://scape-and-run-parasites.fandom.com/wiki/Stage%20II%20Dispatcher,wiki/articles/1235_Stage II Dispatcher.wiki,3673
2064,0,Stage II Rooter,https://scape-and-run-parasites.fandom.com/wiki/Stage%20II%20Rooter,wiki/articles/2064_Stage II Rooter.wiki,2422
1138,0,Stage III Beckon,https://scape-and-run-parasites.fandom.com/wiki/Stage%20III%20Beckon,wiki/articles/1138_Stage III Beckon.wiki,6575
1236,0,Stage III Dispatcher,https://scape-and-run-parasites.fandom.com/wiki/Stage%20III%20Dispatcher,wiki/articles/1236_Stage III Dispatcher.wiki,4005
2065,0,Stage III Rooter,https://scape-and-run-parasites.fandom.com/wiki/Stage%20III%20Rooter,wiki/articles/2065_Stage III Rooter.wiki,2588
1175,0,Stage IV Beckon,https://scape-and-run-parasites.fandom.com/wiki/Stage%20IV%20Beckon,wiki/articles/1175_Stage IV Beckon.wiki,5947
1237,0,Stage IV Dispatcher,https://scape-and-run-parasites.fandom.com/wiki/Stage%20IV%20Dispatcher,wiki/articles/1237_Stage IV Dispatcher.wiki,5013
2067,0,Stage IV Rooter,https://scape-and-run-parasites.fandom.com/wiki/Stage%20IV%20Rooter,wiki/articles/2067_Stage IV Rooter.wiki,2921
1023,0,Strange Bone,https://scape-and-run-parasites.fandom.com/wiki/Strange%20Bone,wiki/articles/1023_Strange Bone.wiki,1045
1229,0,Succor,https://scape-and-run-parasites.fandom.com/wiki/Succor,wiki/articles/1229_Succor.wiki,2534
1067,0,Summoner (Disambiguation),https://scape-and-run-parasites.fandom.com/wiki/Summoner%20%28Disambiguation%29,wiki/articles/1067_Summoner (Disambiguation).wiki,358
329,0,Summoner Core,https://scape-and-run-parasites.fandom.com/wiki/Summoner%20Core,wiki/articles/329_Summoner Core.wiki,772
1703,0,Survival Guides,https://scape-and-run-parasites.fandom.com/wiki/Survival%20Guides,wiki/articles/1703_Survival Guides.wiki,16553
743,0,Systems,https://scape-and-run-parasites.fandom.com/wiki/Systems,wiki/articles/743_Systems.wiki,29
2930,0,Tarnished Webbing,https://scape-and-run-parasites.fandom.com/wiki/Tarnished%20Webbing,wiki/articles/2930_Tarnished Webbing.wiki,20
2249,0,The Sign,https://scape-and-run-parasites.fandom.com/wiki/The%20Sign,wiki/articles/2249_The Sign.wiki,813
970,0,The Source,https://scape-and-run-parasites.fandom.com/wiki/The%20Source,wiki/articles/970_The Source.wiki,1096
2906,0,Thin Webbing,https://scape-and-run-parasites.fandom.com/wiki/Thin%20Webbing,wiki/articles/2906_Thin Webbing.wiki,21
2344,0,Thornshade,https://scape-and-run-parasites.fandom.com/wiki/Thornshade,wiki/articles/2344_Thornshade.wiki,2547
2250,0,Thornshade Berry,https://scape-and-run-parasites.fandom.com/wiki/Thornshade%20Berry,wiki/articles/2250_Thornshade Berry.wiki,41
2254,0,Thornshade Decanter,https://scape-and-run-parasites.fandom.com/wiki/Thornshade%20Decanter,wiki/articles/2254_Thornshade Decanter.wiki,2746
2382,0,Thornshades,https://scape-and-run-parasites.fandom.com/wiki/Thornshades,wiki/articles/2382_Thornshades.wiki,735
1224,0,Thrall,https://scape-and-run-parasites.fandom.com/wiki/Thrall,wiki/articles/1224_Thrall.wiki,2806
974,0,Tools,https://scape-and-run-parasites.fandom.com/wiki/Tools,wiki/articles/974_Tools.wiki,27
685,0,Toxic Lung,https://scape-and-run-parasites.fandom.com/wiki/Toxic%20Lung,wiki/articles/685_Toxic Lung.wiki,1120
2929,0,Toxicant Webbing,https://scape-and-run-parasites.fandom.com/wiki/Toxicant%20Webbing,wiki/articles/2929_Toxicant Webbing.wiki,20
3096,0,Tozoon (Disambiguation),https://scape-and-run-parasites.fandom.com/wiki/Tozoon%20%28Disambiguation%29,wiki/articles/3096_Tozoon (Disambiguation).wiki,237
2897,0,Trophies,https://scape-and-run-parasites.fandom.com/wiki/Trophies,wiki/articles/2897_Trophies.wiki,1179
1334,0,Tunnel,https://scape-and-run-parasites.fandom.com/wiki/Tunnel,wiki/articles/1334_Tunnel.wiki,903
711,0,Twisted Spinal Signal,https://scape-and-run-parasites.fandom.com/wiki/Twisted%20Spinal%20Signal,wiki/articles/711_Twisted Spinal Signal.wiki,1929
2145,0,Ubiquitous Development,https://scape-and-run-parasites.fandom.com/wiki/Ubiquitous%20Development,wiki/articles/2145_Ubiquitous Development.wiki,4816
2909,0,Vacuous Cyst,https://scape-and-run-parasites.fandom.com/wiki/Vacuous%20Cyst,wiki/articles/2909_Vacuous Cyst.wiki,28
3273,0,Variants,https://scape-and-run-parasites.fandom.com/wiki/Variants,wiki/articles/3273_Variants.wiki,31
2804,0,Vector Compass,https://scape-and-run-parasites.fandom.com/wiki/Vector%20Compass,wiki/articles/2804_Vector Compass.wiki,380
2886,0,Vector Map,https://scape-and-run-parasites.fandom.com/wiki/Vector%20Map,wiki/articles/2886_Vector Map.wiki,38
2793,0,Vector Module,https://scape-and-run-parasites.fandom.com/wiki/Vector%20Module,wiki/articles/2793_Vector Module.wiki,34
2222,0,Venkrol Anchor Boots,https://scape-and-run-parasites.fandom.com/wiki/Venkrol%20Anchor%20Boots,wiki/articles/2222_Venkrol Anchor Boots.wiki,1102
2234,0,Venkrol Boots,https://scape-and-run-parasites.fandom.com/wiki/Venkrol%20Boots,wiki/articles/2234_Venkrol Boots.wiki,34
3094,0,Vermin (Disambiguation),https://scape-and-run-parasites.fandom.com/wiki/Vermin%20%28Disambiguation%29,wiki/articles/3094_Vermin (Disambiguation).wiki,252
2801,0,Version,https://scape-and-run-parasites.fandom.com/wiki/Version,wiki/articles/2801_Version.wiki,32
1164,0,Version 1.0.0,https://scape-and-run-parasites.fandom.com/wiki/Version%201.0.0,wiki/articles/1164_Version 1.0.0.wiki,1226
1165,0,Version 1.0.1,https://scape-and-run-parasites.fandom.com/wiki/Version%201.0.1,wiki/articles/1165_Version 1.0.1.wiki,373
1166,0,Version 1.1.0,https://scape-and-run-parasites.fandom.com/wiki/Version%201.1.0,wiki/articles/1166_Version 1.1.0.wiki,761
2127,0,Version 1.10.0,https://scape-and-run-parasites.fandom.com/wiki/Version%201.10.0,wiki/articles/2127_Version 1.10.0.wiki,33685
2229,0,Version 1.10.1,https://scape-and-run-parasites.fandom.com/wiki/Version%201.10.1,wiki/articles/2229_Version 1.10.1.wiki,1186
2612,0,Version 1.10.2,https://scape-and-run-parasites.fandom.com/wiki/Version%201.10.2,wiki/articles/2612_Version 1.10.2.wiki,1658
2888,0,Version 1.10.3,https://scape-and-run-parasites.fandom.com/wiki/Version%201.10.3,wiki/articles/2888_Version 1.10.3.wiki,5757
3083,0,Version 1.10.4,https://scape-and-run-parasites.fandom.com/wiki/Version%201.10.4,wiki/articles/3083_Version 1.10.4.wiki,3712
3125,0,Version 1.10.5,https://scape-and-run-parasites.fandom.com/wiki/Version%201.10.5,wiki/articles/3125_Version 1.10.5.wiki,1310
3158,0,Version 1.10.6,https://scape-and-run-parasites.fandom.com/wiki/Version%201.10.6,wiki/articles/3158_Version 1.10.6.wiki,1405
3190,0,Version 1.10.7,https://scape-and-run-parasites.fandom.com/wiki/Version%201.10.7,wiki/articles/3190_Version 1.10.7.wiki,4521
1167,0,Version 1.2.0,https://scape-and-run-parasites.fandom.com/wiki/Version%201.2.0,wiki/articles/1167_Version 1.2.0.wiki,741
1338,0,Version 1.2.1,https://scape-and-run-parasites.fandom.com/wiki/Version%201.2.1,wiki/articles/1338_Version 1.2.1.wiki,396
1339,0,Version 1.3.0,https://scape-and-run-parasites.fandom.com/wiki/Version%201.3.0,wiki/articles/1339_Version 1.3.0.wiki,1942
1340,0,Version 1.4.0,https://scape-and-run-parasites.fandom.com/wiki/Version%201.4.0,wiki/articles/1340_Version 1.4.0.wiki,2362
1341,0,Version 1.5.0,https://scape-and-run-parasites.fandom.com/wiki/Version%201.5.0,wiki/articles/1341_Version 1.5.0.wiki,1805
1342,0,Version 1.5.1,https://scape-and-run-parasites.fandom.com/wiki/Version%201.5.1,wiki/articles/1342_Version 1.5.1.wiki,610
1343,0,Version 1.5.2,https://scape-and-run-parasites.fandom.com/wiki/Version%201.5.2,wiki/articles/1343_Version 1.5.2.wiki,786
1344,0,Version 1.6.0,https://scape-and-run-parasites.fandom.com/wiki/Version%201.6.0,wiki/articles/1344_Version 1.6.0.wiki,2627
1345,0,Version 1.7.0,https://scape-and-run-parasites.fandom.com/wiki/Version%201.7.0,wiki/articles/1345_Version 1.7.0.wiki,4203
1378,0,Version 1.8.0,https://scape-and-run-parasites.fandom.com/wiki/Version%201.8.0,wiki/articles/1378_Version 1.8.0.wiki,12016
1379,0,Version 1.8.1,https://scape-and-run-parasites.fandom.com/wiki/Version%201.8.1,wiki/articles/1379_Version 1.8.1.wiki,736
1380,0,Version 1.8.2,https://scape-and-run-parasites.fandom.com/wiki/Version%201.8.2,wiki/articles/1380_Version 1.8.2.wiki,828
1385,0,Version 1.9.0,https://scape-and-run-parasites.fandom.com/wiki/Version%201.9.0,wiki/articles/1385_Version 1.9.0.wiki,14950
1757,0,Version 1.9.0A1,https://scape-and-run-parasites.fandom.com/wiki/Version%201.9.0A1,wiki/articles/1757_Version 1.9.0A1.wiki,39
1756,0,Version 1.9.0A2,https://scape-and-run-parasites.fandom.com/wiki/Version%201.9.0A2,wiki/articles/1756_Version 1.9.0A2.wiki,39
1381,0,Version 1.9.1,https://scape-and-run-parasites.fandom.com/wiki/Version%201.9.1,wiki/articles/1381_Version 1.9.1.wiki,2829
1392,0,Version 1.9.10,https://scape-and-run-parasites.fandom.com/wiki/Version%201.9.10,wiki/articles/1392_Version 1.9.10.wiki,13013
1393,0,Version 1.9.11,https://scape-and-run-parasites.fandom.com/wiki/Version%201.9.11,wiki/articles/1393_Version 1.9.11.wiki,7194
1399,0,Version 1.9.12,https://scape-and-run-parasites.fandom.com/wiki/Version%201.9.12,wiki/articles/1399_Version 1.9.12.wiki,7175
1507,0,Version 1.9.13,https://scape-and-run-parasites.fandom.com/wiki/Version%201.9.13,wiki/articles/1507_Version 1.9.13.wiki,21844
1508,0,Version 1.9.14,https://scape-and-run-parasites.fandom.com/wiki/Version%201.9.14,wiki/articles/1508_Version 1.9.14.wiki,337
1510,0,Version 1.9.15,https://scape-and-run-parasites.fandom.com/wiki/Version%201.9.15,wiki/articles/1510_Version 1.9.15.wiki,1069
1513,0,Version 1.9.16,https://scape-and-run-parasites.fandom.com/wiki/Version%201.9.16,wiki/articles/1513_Version 1.9.16.wiki,884
1759,0,Version 1.9.17,https://scape-and-run-parasites.fandom.com/wiki/Version%201.9.17,wiki/articles/1759_Version 1.9.17.wiki,2739
1760,0,Version 1.9.18,https://scape-and-run-parasites.fandom.com/wiki/Version%201.9.18,wiki/articles/1760_Version 1.9.18.wiki,579
2024,0,Version 1.9.19,https://scape-and-run-parasites.fandom.com/wiki/Version%201.9.19,wiki/articles/2024_Version 1.9.19.wiki,4531
1386,0,Version 1.9.2,https://scape-and-run-parasites.fandom.com/wiki/Version%201.9.2,wiki/articles/1386_Version 1.9.2.wiki,15187
2025,0,Version 1.9.20,https://scape-and-run-parasites.fandom.com/wiki/Version%201.9.20,wiki/articles/2025_Version 1.9.20.wiki,396
2026,0,Version 1.9.21,https://scape-and-run-parasites.fandom.com/wiki/Version%201.9.21,wiki/articles/2026_Version 1.9.21.wiki,7000
1382,0,Version 1.9.3,https://scape-and-run-parasites.fandom.com/wiki/Version%201.9.3,wiki/articles/1382_Version 1.9.3.wiki,3915
1383,0,Version 1.9.4,https://scape-and-run-parasites.fandom.com/wiki/Version%201.9.4,wiki/articles/1383_Version 1.9.4.wiki,2688
1384,0,Version 1.9.5,https://scape-and-run-parasites.fandom.com/wiki/Version%201.9.5,wiki/articles/1384_Version 1.9.5.wiki,2550
1387,0,Version 1.9.6,https://scape-and-run-parasites.fandom.com/wiki/Version%201.9.6,wiki/articles/1387_Version 1.9.6.wiki,46072
1388,0,Version 1.9.7,https://scape-and-run-parasites.fandom.com/wiki/Version%201.9.7,wiki/articles/1388_Version 1.9.7.wiki,1776
1389,0,Version 1.9.8,https://scape-and-run-parasites.fandom.com/wiki/Version%201.9.8,wiki/articles/1389_Version 1.9.8.wiki,7027
1391,0,Version 1.9.9,https://scape-and-run-parasites.fandom.com/wiki/Version%201.9.9,wiki/articles/1391_Version 1.9.9.wiki,7296
3269,0,Versions,https://scape-and-run-parasites.fandom.com/wiki/Versions,wiki/articles/3269_Versions.wiki,32
354,0,Vigilante,https://scape-and-run-parasites.fandom.com/wiki/Vigilante,wiki/articles/354_Vigilante.wiki,3804
756,0,Vile Shell,https://scape-and-run-parasites.fandom.com/wiki/Vile%20Shell,wiki/articles/756_Vile Shell.wiki,1547
3101,0,Villager (Disambiguation),https://scape-and-run-parasites.fandom.com/wiki/Villager%20%28Disambiguation%29,wiki/articles/3101_Villager (Disambiguation).wiki,472
995,0,Viral,https://scape-and-run-parasites.fandom.com/wiki/Viral,wiki/articles/995_Viral.wiki,1666
2934,0,Viscera (Disambiguation),https://scape-and-run-parasites.fandom.com/wiki/Viscera%20%28Disambiguation%29,wiki/articles/2934_Viscera (Disambiguation).wiki,496
2358,0,Vomit,https://scape-and-run-parasites.fandom.com/wiki/Vomit,wiki/articles/2358_Vomit.wiki,667
1872,0,WIP Content,https://scape-and-run-parasites.fandom.com/wiki/WIP%20Content,wiki/articles/1872_WIP Content.wiki,48
1867,0,Walking Adventurer Head,https://scape-and-run-parasites.fandom.com/wiki/Walking%20Adventurer%20Head,wiki/articles/1867_Walking Adventurer Head.wiki,2498
1725,0,Walking Cow Head,https://scape-and-run-parasites.fandom.com/wiki/Walking%20Cow%20Head,wiki/articles/1725_Walking Cow Head.wiki,2483
1868,0,Walking Ender Dragon Head,https://scape-and-run-parasites.fandom.com/wiki/Walking%20Ender%20Dragon%20Head,wiki/articles/1868_Walking Ender Dragon Head.wiki,2414
1869,0,Walking Enderman Head,https://scape-and-run-parasites.fandom.com/wiki/Walking%20Enderman%20Head,wiki/articles/1869_Walking Enderman Head.wiki,3479
1843,0,Walking Heads,https://scape-and-run-parasites.fandom.com/wiki/Walking%20Heads,wiki/articles/1843_Walking Heads.wiki,37
1709,0,Walking Horse Head,https://scape-and-run-parasites.fandom.com/wiki/Walking%20Horse%20Head,wiki/articles/1709_Walking Horse Head.wiki,2529
1724,0,Walking Human Head,https://scape-and-run-parasites.fandom.com/wiki/Walking%20Human%20Head,wiki/articles/1724_Walking Human Head.wiki,2750
1734,0,Walking Pig Head,https://scape-and-run-parasites.fandom.com/wiki/Walking%20Pig%20Head,wiki/articles/1734_Walking Pig Head.wiki,2508
1730,0,Walking Sheep Head,https://scape-and-run-parasites.fandom.com/wiki/Walking%20Sheep%20Head,wiki/articles/1730_Walking Sheep Head.wiki,2447
1731,0,Walking Villager Head,https://scape-and-run-parasites.fandom.com/wiki/Walking%20Villager%20Head,wiki/articles/1731_Walking Villager Head.wiki,2829
1726,0,Walking Wolf Head,https://scape-and-run-parasites.fandom.com/wiki/Walking%20Wolf%20Head,wiki/articles/1726_Walking Wolf Head.wiki,2433
355,0,Warden,https://scape-and-run-parasites.fandom.com/wiki/Warden,wiki/articles/355_Warden.wiki,4886
2401,0,Water Predation,https://scape-and-run-parasites.fandom.com/wiki/Water%20Predation,wiki/articles/2401_Water Predation.wiki,462
352,0,Weapons,https://scape-and-run-parasites.fandom.com/wiki/Weapons,wiki/articles/352_Weapons.wiki,29
760,0,Weapons' Components,https://scape-and-run-parasites.fandom.com/wiki/Weapons%27%20Components,wiki/articles/760_Weapons' Components.wiki,41
2036,0,Webbing,https://scape-and-run-parasites.fandom.com/wiki/Webbing,wiki/articles/2036_Webbing.wiki,1463
3098,0,Wolf (Disambiguation),https://scape-and-run-parasites.fandom.com/wiki/Wolf%20%28Disambiguation%29,wiki/articles/3098_Wolf (Disambiguation).wiki,440
1871,0,Work In Progress Content,https://scape-and-run-parasites.fandom.com/wiki/Work%20In%20Progress%20Content,wiki/articles/1871_Work In Progress Content.wiki,48
507,0,Worker,https://scape-and-run-parasites.fandom.com/wiki/Worker,wiki/articles/507_Worker.wiki,1403
1677,0,Worm,https://scape-and-run-parasites.fandom.com/wiki/Worm,wiki/articles/1677_Worm.wiki,1765
2891,0,Worm Carrier,https://scape-and-run-parasites.fandom.com/wiki/Worm%20Carrier,wiki/articles/2891_Worm Carrier.wiki,1036
1228,0,Wraith,https://scape-and-run-parasites.fandom.com/wiki/Wraith,wiki/articles/1228_Wraith.wiki,2583
1068,0,Yelloweye (Disambiguation),https://scape-and-run-parasites.fandom.com/wiki/Yelloweye%20%28Disambiguation%29,wiki/articles/1068_Yelloweye (Disambiguation).wiki,382
350,0,Yelloweye Bone,https://scape-and-run-parasites.fandom.com/wiki/Yelloweye%20Bone,wiki/articles/350_Yelloweye Bone.wiki,921
2131,14,Category:Abominations,https://scape-and-run-parasites.fandom.com/wiki/Category:Abominations,wiki/categories/2131_Category_Abominations.wiki,621
1030,14,Category:Adapted Parasites,https://scape-and-run-parasites.fandom.com/wiki/Category:Adapted%20Parasites,wiki/categories/1030_Category_Adapted Parasites.wiki,5170
2187,14,Category:Advancement Image,https://scape-and-run-parasites.fandom.com/wiki/Category:Advancement%20Image,wiki/categories/2187_Category_Advancement Image.wiki,182
680,14,Category:Ancient Parasites,https://scape-and-run-parasites.fandom.com/wiki/Category:Ancient%20Parasites,wiki/categories/680_Category_Ancient Parasites.wiki,1353
1370,14,Category:Armor,https://scape-and-run-parasites.fandom.com/wiki/Category:Armor,wiki/categories/1370_Category_Armor.wiki,30
1255,14,Category:Armors,https://scape-and-run-parasites.fandom.com/wiki/Category:Armors,wiki/categories/1255_Category_Armors.wiki,611
2048,14,Category:Assimara Parasites,https://scape-and-run-parasites.fandom.com/wiki/Category:Assimara%20Parasites,wiki/categories/2048_Category_Assimara Parasites.wiki,1414
1084,14,Category:Assimilated Mobs,https://scape-and-run-parasites.fandom.com/wiki/Category:Assimilated%20Mobs,wiki/categories/1084_Category_Assimilated Mobs.wiki,5646
1128,14,Category:Block Images,https://scape-and-run-parasites.fandom.com/wiki/Category:Block%20Images,wiki/categories/1128_Category_Block Images.wiki,131
1106,14,Category:Blocks,https://scape-and-run-parasites.fandom.com/wiki/Category:Blocks,wiki/categories/1106_Category_Blocks.wiki,3585
160,14,Category:Blog posts,https://scape-and-run-parasites.fandom.com/wiki/Category:Blog%20posts,wiki/categories/160_Category_Blog posts.wiki,153
1026,14,Category:Bosses,https://scape-and-run-parasites.fandom.com/wiki/Category:Bosses,wiki/categories/1026_Category_Bosses.wiki,629
82,14,Category:Candidates for deletion,https://scape-and-run-parasites.fandom.com/wiki/Category:Candidates%20for%20deletion,wiki/categories/82_Category_Candidates for deletion.wiki,387
161,14,Category:Community,https://scape-and-run-parasites.fandom.com/wiki/Category:Community,wiki/categories/161_Category_Community.wiki,82
1169,14,Category:Community Proposals,https://scape-and-run-parasites.fandom.com/wiki/Category:Community%20Proposals,wiki/categories/1169_Category_Community Proposals.wiki,396
676,14,Category:Crude Parasites,https://scape-and-run-parasites.fandom.com/wiki/Category:Crude%20Parasites,wiki/categories/676_Category_Crude Parasites.wiki,1141
1109,14,Category:Default Categories,https://scape-and-run-parasites.fandom.com/wiki/Category:Default%20Categories,wiki/categories/1109_Category_Default Categories.wiki,1986
2130,14,Category:Derived Parasites,https://scape-and-run-parasites.fandom.com/wiki/Category:Derived%20Parasites,wiki/categories/2130_Category_Derived Parasites.wiki,2609
675,14,Category:Deterrent Parasites,https://scape-and-run-parasites.fandom.com/wiki/Category:Deterrent%20Parasites,wiki/categories/675_Category_Deterrent Parasites.wiki,1692
79,14,Category:Disambiguations,https://scape-and-run-parasites.fandom.com/wiki/Category:Disambiguations,wiki/categories/79_Category_Disambiguations.wiki,160
47,14,Category:Documentation templates,https://scape-and-run-parasites.fandom.com/wiki/Category:Documentation%20templates,wiki/categories/47_Category_Documentation templates.wiki,54
759,14,Category:Drops,https://scape-and-run-parasites.fandom.com/wiki/Category:Drops,wiki/categories/759_Category_Drops.wiki,4416
1129,14,Category:Effect Images,https://scape-and-run-parasites.fandom.com/wiki/Category:Effect%20Images,wiki/categories/1129_Category_Effect Images.wiki,134
606,14,Category:Effects,https://scape-and-run-parasites.fandom.com/wiki/Category:Effects,wiki/categories/606_Category_Effects.wiki,8177
1132,14,Category:Entity Images,https://scape-and-run-parasites.fandom.com/wiki/Category:Entity%20Images,wiki/categories/1132_Category_Entity Images.wiki,129
2020,14,Category:Entity Size Charts,https://scape-and-run-parasites.fandom.com/wiki/Category:Entity%20Size%20Charts,wiki/categories/2020_Category_Entity Size Charts.wiki,26
1329,14,Category:Equipment,https://scape-and-run-parasites.fandom.com/wiki/Category:Equipment,wiki/categories/1329_Category_Equipment.wiki,5858
1549,14,Category:Feral Parasites,https://scape-and-run-parasites.fandom.com/wiki/Category:Feral%20Parasites,wiki/categories/1549_Category_Feral Parasites.wiki,2161
46,14,Category:General wiki templates,https://scape-and-run-parasites.fandom.com/wiki/Category:General%20wiki%20templates,wiki/categories/46_Category_General wiki templates.wiki,54
1130,14,Category:Graphics,https://scape-and-run-parasites.fandom.com/wiki/Category:Graphics,wiki/categories/1130_Category_Graphics.wiki,239
138,14,Category:Hatnote templates with errors,https://scape-and-run-parasites.fandom.com/wiki/Category:Hatnote%20templates%20with%20errors,wiki/categories/138_Category_Hatnote templates with errors.wiki,81
1748,14,Category:Hijacked Mobs,https://scape-and-run-parasites.fandom.com/wiki/Category:Hijacked%20Mobs,wiki/categories/1748_Category_Hijacked Mobs.wiki,1546
44,14,Category:Image license templates,https://scape-and-run-parasites.fandom.com/wiki/Category:Image%20license%20templates,wiki/categories/44_Category_Image license templates.wiki,54
111,14,Category:Images,https://scape-and-run-parasites.fandom.com/wiki/Category:Images,wiki/categories/111_Category_Images.wiki,115
674,14,Category:Inborn Parasites,https://scape-and-run-parasites.fandom.com/wiki/Category:Inborn%20Parasites,wiki/categories/674_Category_Inborn Parasites.wiki,3220
41,14,Category:Infobox templates,https://scape-and-run-parasites.fandom.com/wiki/Category:Infobox%20templates,wiki/categories/41_Category_Infobox templates.wiki,54
1131,14,Category:Item Images,https://scape-and-run-parasites.fandom.com/wiki/Category:Item%20Images,wiki/categories/1131_Category_Item Images.wiki,128
1107,14,Category:Items,https://scape-and-run-parasites.fandom.com/wiki/Category:Items,wiki/categories/1107_Category_Items.wiki,135
1770,14,Category:Lore,https://scape-and-run-parasites.fandom.com/wiki/Category:Lore,wiki/categories/1770_Category_Lore.wiki,32
43,14,Category:Maintenance,https://scape-and-run-parasites.fandom.com/wiki/Category:Maintenance,wiki/categories/43_Category_Maintenance.wiki,1021
112,14,Category:Media,https://scape-and-run-parasites.fandom.com/wiki/Category:Media,wiki/categories/112_Category_Media.wiki,116
1105,14,Category:Mobs,https://scape-and-run-parasites.fandom.com/wiki/Category:Mobs,wiki/categories/1105_Category_Mobs.wiki,11356
1108,14,Category:Mod Content,https://scape-and-run-parasites.fandom.com/wiki/Category:Mod%20Content,wiki/categories/1108_Category_Mod Content.wiki,151
45,14,Category:Navbox templates,https://scape-and-run-parasites.fandom.com/wiki/Category:Navbox%20templates,wiki/categories/45_Category_Navbox templates.wiki,54
1239,14,Category:Nexus Parasites,https://scape-and-run-parasites.fandom.com/wiki/Category:Nexus%20Parasites,wiki/categories/1239_Category_Nexus Parasites.wiki,10722
81,14,Category:Notice templates,https://scape-and-run-parasites.fandom.com/wiki/Category:Notice%20templates,wiki/categories/81_Category_Notice templates.wiki,54
1187,14,Category:Pages with a discord link,https://scape-and-run-parasites.fandom.com/wiki/Category:Pages%20with%20a%20discord%20link,wiki/categories/1187_Category_Pages with a discord link.wiki,280
162,14,Category:Pages with broken file links,https://scape-and-run-parasites.fandom.com/wiki/Category:Pages%20with%20broken%20file%20links,wiki/categories/162_Category_Pages with broken file links.wiki,143
1242,14,Category:Preeminent Parasites,https://scape-and-run-parasites.fandom.com/wiki/Category:Preeminent%20Parasites,wiki/categories/1242_Category_Preeminent Parasites.wiki,2028
1177,14,Category:Previews,https://scape-and-run-parasites.fandom.com/wiki/Category:Previews,wiki/categories/1177_Category_Previews.wiki,182
678,14,Category:Primitive Parasites,https://scape-and-run-parasites.fandom.com/wiki/Category:Primitive%20Parasites,wiki/categories/678_Category_Primitive Parasites.wiki,4827
679,14,Category:Pure Parasites,https://scape-and-run-parasites.fandom.com/wiki/Category:Pure%20Parasites,wiki/categories/679_Category_Pure Parasites.wiki,2893
80,14,Category:Quote templates,https://scape-and-run-parasites.fandom.com/wiki/Category:Quote%20templates,wiki/categories/80_Category_Quote templates.wiki,54
1133,14,Category:Recipe Images,https://scape-and-run-parasites.fandom.com/wiki/Category:Recipe%20Images,wiki/categories/1133_Category_Recipe Images.wiki,200
1112,14,Category:Scape and Run: Parasites Wiki,https://scape-and-run-parasites.fandom.com/wiki/Category:Scape%20and%20Run:%20Parasites%20Wiki,wiki/categories/1112_Category_Scape and Run_ Parasites Wiki.wiki,623
164,14,Category:Screenshots,https://scape-and-run-parasites.fandom.com/wiki/Category:Screenshots,wiki/categories/164_Category_Screenshots.wiki,151
1134,14,Category:Sounds,https://scape-and-run-parasites.fandom.com/wiki/Category:Sounds,wiki/categories/1134_Category_Sounds.wiki,220
120,14,Category:Stubs,https://scape-and-run-parasites.fandom.com/wiki/Category:Stubs,wiki/categories/120_Category_Stubs.wiki,179
593,14,Category:Systems,https://scape-and-run-parasites.fandom.com/wiki/Category:Systems,wiki/categories/593_Category_Systems.wiki,3685
48,14,Category:Template documentation,https://scape-and-run-parasites.fandom.com/wiki/Category:Template%20documentation,wiki/categories/48_Category_Template documentation.wiki,198
42,14,Category:Templates,https://scape-and-run-parasites.fandom.com/wiki/Category:Templates,wiki/categories/42_Category_Templates.wiki,56
975,14,Category:Tools,https://scape-and-run-parasites.fandom.com/wiki/Category:Tools,wiki/categories/975_Category_Tools.wiki,787
135,14,Category:Unattributed files,https://scape-and-run-parasites.fandom.com/wiki/Category:Unattributed%20files,wiki/categories/135_Category_Unattributed files.wiki,465
1073,14,Category:Upcoming Content,https://scape-and-run-parasites.fandom.com/wiki/Category:Upcoming%20Content,wiki/categories/1073_Category_Upcoming Content.wiki,127
2023,14,Category:Variants,https://scape-and-run-parasites.fandom.com/wiki/Category:Variants,wiki/categories/2023_Category_Variants.wiki,7826
1346,14,Category:Versions,https://scape-and-run-parasites.fandom.com/wiki/Category:Versions,wiki/categories/1346_Category_Versions.wiki,7576
163,14,Category:Videos,https://scape-and-run-parasites.fandom.com/wiki/Category:Videos,wiki/categories/163_Category_Videos.wiki,75
1685,14,Category:Walking Heads,https://scape-and-run-parasites.fandom.com/wiki/Category:Walking%20Heads,wiki/categories/1685_Category_Walking Heads.wiki,2707
758,14,Category:Weapons,https://scape-and-run-parasites.fandom.com/wiki/Category:Weapons,wiki/categories/758_Category_Weapons.wiki,1789
761,14,Category:Weapons' Components,https://scape-and-run-parasites.fandom.com/wiki/Category:Weapons%27%20Components,wiki/categories/761_Category_Weapons' Components.wiki,382
165,14,Category:Wiki skin images,https://scape-and-run-parasites.fandom.com/wiki/Category:Wiki%20skin%20images,wiki/categories/165_Category_Wiki skin images.wiki,96
1087,14,Category:Work In Progress Content,https://scape-and-run-parasites.fandom.com/wiki/Category:Work%20In%20Progress%20Content,wiki/categories/1087_Category_Work In Progress Content.wiki,2326
1497,14,Category:World,https://scape-and-run-parasites.fandom.com/wiki/Category:World,wiki/categories/1497_Category_World.wiki,263
